<?xml version="1.0" encoding="utf-8"?>
<odoo>
    <data>

        <!-- <record model="ir.cron" id="cron_check_late_rental">
            <field name="name">Check late rental</field>
            <field name="interval_number">1</field>
            <field name="interval_type">days</field>
            <field name="numbercall">-1</field>
            <field name="doall" eval="False"/>
            <field name="nextcall">2000-01-01 00:01:00</field>
            <field name="model" eval="'library.rental'"/>
            <field name="function" eval="'_cron_check_date'"/>
            <field name="args" eval="'()'" />
        </record> -->

        <record id="mail_template_book_return" model="mail.template">
            <field name="name">Late book return</field>
            <field name="email_from"></field>
            <field name="subject">Late book return</field>
            <field name="model_id" ref="library.model_library_rental"/>
            <field name="partner_to">${object.customer_id.id or False }</field>
            <field name="auto_delete" eval="True"/>
            <field name="body_html"><![CDATA[
<div >
    ${object.customer_id.name},<br/>
    <p>You were supposed to bring back the book ${object.book_id.name} on the ${object.return_date}.</p>
</div>
                ]]>
            </field>
        </record>

    </data>
</odoo>
